Loan_ID,Gender,Married,Dependents,Education,Self_Employed,ApplicantIncome,CoapplicantIncome,LoanAmount,Loan_Amount_Term,Credit_History,Property_Area,Loan_Status
LP001002,1,0,0,1,0,8.674025985443025,0.0,4.852030263919617,360.0,1.0,2,1
LP001003,1,1,1,1,0,8.430109084509125,7.319202458767849,4.852030263919617,360.0,1.0,0,0
LP001005,1,1,0,1,1,8.006367567650246,0.0,4.189654742026425,360.0,1.0,2,1
LP001006,1,1,0,0,0,7.8567067930958405,7.765993079407675,4.787491742782046,360.0,1.0,2,1
LP001008,1,0,0,1,0,8.699514748210191,0.0,4.948759890378168,360.0,1.0,2,1
LP001011,1,1,2,1,1,8.597297435657898,8.34212526333359,5.58724865840025,360.0,1.0,2,1
LP001013,1,1,0,0,0,7.75491027202143,7.324489979348532,4.553876891600541,360.0,1.0,2,1
LP001014,1,1,3,1,0,8.01829613851552,7.826044013518965,5.062595033026967,360.0,0.0,1,0
LP001018,1,1,2,1,0,8.295548516225763,7.3310603052186325,5.123963979403259,360.0,1.0,2,1
LP001020,1,1,1,1,0,9.460398455831275,9.302828391411333,5.855071922202427,360.0,1.0,1,0
LP001024,1,1,2,1,0,8.070906088787819,6.55250788703459,4.248495242049359,360.0,1.0,2,1
LP001027,1,1,2,1,0,7.824046010856292,7.518064181233078,4.6913478822291435,360.0,1.0,2,1
LP001028,1,1,2,1,0,8.030409562130485,9.000483164987708,5.298317366548036,360.0,1.0,2,1
LP001029,1,0,0,1,0,7.52456122628536,7.951911381854188,4.736198448394496,360.0,1.0,0,0
LP001030,1,1,2,1,0,7.1693500166706,6.99117688712121,2.833213344056216,120.0,1.0,2,1
LP001032,1,0,0,1,0,8.507142855562735,0.0,4.8283137373023015,360.0,1.0,2,1
LP001034,1,0,1,0,0,8.18757739559151,0.0,4.605170185988092,240.0,1.0,2,1
LP001036,0,0,0,1,0,8.163371316459912,0.0,4.330733340286331,360.0,0.0,2,0
LP001038,1,1,0,0,0,8.494333897270154,0.0,4.890349128221754,360.0,1.0,0,0
LP001041,1,1,0,1,0,7.8632667240095735,8.160803920954665,4.74493212836325,360.0,1.0,2,1
LP001043,1,1,0,0,0,8.943767262734637,0.0,4.6443908991413725,360.0,0.0,2,0
LP001046,1,1,1,1,0,8.691986481789401,8.635153989049803,5.752572638825633,360.0,1.0,2,1
LP001047,1,1,0,0,0,7.8632667240095735,7.555905093611346,4.7535901911063645,360.0,0.0,1,0
LP001050,1,1,2,0,0,8.121183242078828,7.559038255443384,4.718498871295094,360.0,0.0,0,0
LP001052,1,1,1,1,0,8.220672170297252,7.98139158158007,5.017279836814924,360.0,1.0,1,0
LP001066,1,1,0,1,1,9.165343006045447,0.0,5.25227342804663,360.0,1.0,1,1
LP001068,1,1,0,1,0,7.937017489515454,7.720461694599722,4.804021044733257,360.0,1.0,1,1
LP001073,1,1,2,0,0,8.349011198176003,6.947937068614969,4.700480365792417,360.0,1.0,2,1
LP001086,1,0,0,0,0,7.273786317844895,0.0,3.5553480614894135,360.0,1.0,2,0
LP001087,0,0,2,1,0,8.229511118964457,7.642044402873258,4.787491742782046,360.0,1.0,1,1
LP001091,1,1,1,1,0,8.334711621820917,8.122668023346407,5.303304908059076,360.0,1.0,2,0
LP001095,1,0,0,1,0,8.06054004653864,0.0,4.30406509320417,360.0,1.0,2,0
LP001097,1,0,1,1,1,8.453614209773367,0.0,4.663439094112067,360.0,1.0,0,0
LP001098,1,1,0,1,0,8.160518247477505,7.419380582918692,4.736198448394496,360.0,1.0,1,1
LP001100,1,0,3,1,0,9.433483923290392,8.006700845440367,5.768320995793772,360.0,1.0,0,0
LP001106,1,1,0,1,0,7.729735331385051,7.63433723562832,4.852030263919617,360.0,1.0,2,1
LP001109,1,1,0,1,0,7.510977752014095,7.193685818395112,4.605170185988092,360.0,0.0,2,0
LP001112,0,1,0,1,0,8.207129168071326,7.286191714702382,4.969813299576001,360.0,1.0,1,1
LP001114,1,0,0,1,0,8.334711621820917,8.88336291691676,5.214935757608986,360.0,1.0,2,1
LP001116,1,0,0,0,0,8.228977643358313,7.419979923661835,4.700480365792417,360.0,1.0,1,1
LP001119,1,0,0,1,0,8.1886891244442,0.0,4.382026634673881,360.0,1.0,2,0
LP001120,1,0,0,1,0,7.495541943884256,7.101675971619444,3.8501476017100584,360.0,1.0,2,1
LP001123,1,1,0,1,0,7.783224016336037,0.0,4.31748811353631,360.0,1.0,2,1
LP001131,1,1,0,1,0,8.279189777195004,7.756623334538858,4.897839799950911,360.0,1.0,1,1
LP001136,1,1,0,0,1,8.454253391642363,0.0,4.564348191467836,360.0,1.0,2,1
LP001137,0,0,0,1,0,8.134467570277563,0.0,4.477336814478207,360.0,1.0,2,1
LP001138,1,1,1,1,0,8.639233817325263,0.0,3.784189633918261,360.0,1.0,2,1
LP001144,1,1,0,1,0,8.669227347271736,0.0,4.969813299576001,360.0,1.0,2,1
LP001146,0,1,0,1,0,7.8804263442924,8.14351740579748,4.787491742782046,360.0,0.0,2,0
LP001151,0,0,0,1,0,8.294049640102028,7.730174795246222,4.969813299576001,360.0,1.0,1,1
LP001155,0,1,0,0,0,7.564238475170491,7.405495663199472,4.605170185988092,360.0,1.0,1,1
LP001157,0,0,0,1,0,8.034631032923107,0.0,4.787491742782046,360.0,1.0,1,1
LP001164,0,0,0,1,0,8.349957272040324,0.0,4.718498871295094,360.0,1.0,1,0
LP001179,1,1,2,1,0,8.437283808187935,0.0,4.897839799950911,360.0,1.0,2,0
LP001186,0,1,1,1,1,9.350102314351341,0.0,5.655991810819852,360.0,0.0,2,0
LP001194,1,1,2,1,0,7.903965634032166,7.0630481633881725,4.574710978503383,360.0,1.0,1,1
LP001195,1,1,0,1,0,7.664815785285735,7.3727463664043285,4.564348191467836,360.0,1.0,1,1
LP001197,1,1,0,1,0,8.121480374750751,7.696667081526462,4.90527477843843,360.0,1.0,0,0
LP001198,1,1,1,1,0,8.997147151515142,7.719129840906732,5.19295685089021,360.0,1.0,2,1
LP001199,1,1,2,0,0,8.118802996980035,7.958576903813898,4.969813299576001,360.0,1.0,2,1
LP001205,1,1,0,1,0,7.824046010856292,8.241966560231802,4.787491742782046,360.0,1.0,2,1
LP001206,1,1,3,1,0,8.015987811027237,0.0,4.59511985013459,360.0,1.0,2,1
LP001207,1,1,0,0,1,7.866722285136729,8.146129510025405,5.10594547390058,180.0,0.0,0,0
LP001213,1,1,1,1,0,8.506132244056813,0.0,4.852030263919617,360.0,0.0,0,0
LP001222,0,0,0,1,0,8.334711621820917,0.0,4.7535901911063645,360.0,0.0,1,0
LP001225,1,1,0,1,0,8.65277248565806,8.432941638968646,5.552959584921617,360.0,1.0,1,0
LP001228,1,0,0,0,0,8.070906088787819,7.720905251936779,4.836281906951478,180.0,0.0,2,0
LP001233,1,1,1,1,0,9.28266103355581,0.0,5.7430031878094825,360.0,1.0,2,1
LP001238,1,1,3,0,1,8.867850063029406,0.0,4.8283137373023015,60.0,1.0,2,1
LP001241,0,0,0,1,0,8.366370301681654,0.0,4.912654885736052,360.0,0.0,1,0
LP001243,1,1,0,1,0,8.073402968986406,8.028455164114252,5.147494476813453,360.0,1.0,2,1
LP001245,1,1,2,0,1,7.536363938404511,7.53689712956617,4.574710978503383,360.0,1.0,1,1
LP001248,1,0,0,1,0,8.160518247477505,0.0,4.394449154672439,300.0,1.0,1,1
LP001250,1,1,3,0,0,8.46695197497949,0.0,4.553876891600541,360.0,0.0,1,0
LP001253,1,1,3,1,1,8.569026340056254,7.4815557019095165,5.231108616854587,360.0,1.0,1,1
LP001255,1,0,0,1,0,8.229511118964457,0.0,4.727387818712341,480.0,1.0,2,0
LP001256,1,0,0,1,0,8.229511118964457,8.46611040118692,5.170483995038151,360.0,1.0,2,0
LP001259,1,1,1,1,1,6.907755278982137,8.014004994779459,4.700480365792417,360.0,1.0,2,0
LP001263,1,1,3,1,0,8.06054004653864,8.294299608857235,5.19295685089021,300.0,0.0,1,0
LP001264,1,1,3,0,1,8.11162807830774,7.681099001536359,4.867534450455582,360.0,1.0,1,1
LP001265,0,0,0,1,0,8.254788926148725,0.0,4.709530201312334,360.0,1.0,1,1
LP001266,1,1,1,1,1,7.781138509845015,0.0,4.852030263919617,360.0,1.0,1,1
LP001267,0,1,2,1,0,7.228388451573604,7.540090320145325,5.117993812416755,360.0,1.0,2,0
LP001273,1,1,0,1,0,8.699514748210191,7.719129840906732,5.579729825986222,360.0,1.0,1,0
LP001275,1,1,1,1,0,8.291045131081729,0.0,3.912023005428146,240.0,1.0,2,1
LP001279,1,0,0,1,0,7.768956044538332,7.836764783264067,4.912654885736052,360.0,1.0,1,1
LP001280,1,1,2,0,0,8.11162807830774,7.601402334583733,4.59511985013459,360.0,1.0,1,1
LP001282,1,1,0,1,0,7.824046010856292,7.6586995582682995,4.6443908991413725,360.0,1.0,1,1
LP001289,1,0,0,1,0,9.055556158175316,0.0,5.3471075307174685,360.0,1.0,2,1
LP001310,1,1,0,1,0,8.647343875881283,8.335191583433202,5.1647859739235145,360.0,1.0,1,1
LP001316,1,1,0,1,0,7.992268643270745,7.972810784121404,4.875197323201151,360.0,1.0,1,1
LP001318,1,1,2,1,0,8.740336742730447,8.640295388550221,5.236441962829949,180.0,1.0,1,1
LP001319,1,1,2,0,0,8.09346227450118,7.507141079727608,4.394449154672439,360.0,1.0,2,1
LP001322,1,0,0,1,0,8.326758814511733,0.0,4.804021044733257,360.0,1.0,1,1
LP001325,1,0,0,0,0,8.194229304819817,0.0,3.2188758248682006,120.0,1.0,1,1
LP001326,1,0,0,1,0,8.822027322685583,0.0,4.852030263919617,360.0,1.0,2,0
LP001327,0,1,0,1,0,7.81762544305337,7.741967899820685,4.919980925828125,360.0,1.0,1,1
LP001333,1,1,0,1,0,7.589335823170617,6.905753276311464,3.912023005428146,360.0,1.0,1,1
LP001334,1,1,0,0,0,8.339978571990427,0.0,4.74493212836325,180.0,1.0,1,1
LP001343,1,1,0,1,0,7.472500744737558,8.17244681834278,4.875197323201151,360.0,1.0,1,1
LP001345,1,1,2,0,0,8.363575702750637,8.090708716083997,4.890349128221754,180.0,1.0,2,1
LP001349,1,0,0,1,0,8.48528964240323,8.244596756382498,5.017279836814924,360.0,1.0,1,1
LP001350,1,1,0,1,0,9.521494800613105,0.0,4.852030263919617,360.0,1.0,2,1
LP001356,1,1,0,1,0,8.445052513638554,8.18423477409482,4.852030263919617,360.0,1.0,1,1
LP001357,1,1,0,1,0,8.246958032568177,6.626717749249025,5.075173815233827,360.0,1.0,2,1
LP001367,1,1,1,1,0,8.023552392404348,6.93828448401696,4.605170185988092,360.0,1.0,2,1
LP001369,1,1,2,1,0,9.342858751676328,7.027314514039777,5.41610040220442,360.0,1.0,2,1
LP001370,1,0,0,0,0,8.9001399880938,0.0,4.787491742782046,360.0,1.0,0,0
LP001379,1,1,2,1,0,8.242756345714477,8.188966863648876,5.375278407684165,360.0,0.0,2,0
LP001384,1,1,3,0,0,7.635786861395585,6.626717749249025,4.543294782270004,480.0,1.0,1,1
LP001385,1,0,0,1,0,8.578476419833136,0.0,4.912654885736052,360.0,1.0,2,1
LP001387,0,1,0,1,0,7.982416346827733,7.755338812846501,4.9344739331306915,360.0,1.0,1,1
LP001391,1,1,0,0,0,8.18088094199639,8.32239411311117,5.0238805208462765,360.0,0.0,0,0
LP001392,0,0,1,1,1,8.916103530553727,0.0,4.852030263919617,360.0,1.0,1,1
LP001398,1,0,0,1,1,8.527143522269405,0.0,4.770684624465665,360.0,1.0,1,1
LP001401,1,1,1,1,0,9.587611745713565,0.0,5.220355825078324,180.0,1.0,0,1
LP001404,0,1,0,1,0,8.06054004653864,7.7336835707759,5.0369526024136295,360.0,1.0,1,1
LP001405,1,1,1,1,0,7.7025561132685825,7.243512974665482,4.442651256490317,360.0,1.0,2,1
LP001421,1,1,0,1,0,8.624791202014256,7.669961995473577,5.1647859739235145,360.0,1.0,0,0
LP001422,0,0,0,1,0,9.250330020192342,0.0,5.556828061699537,360.0,1.0,2,1
LP001426,1,1,0,1,0,8.64241515616962,7.889084407035514,5.19295685089021,360.0,1.0,0,1
LP001430,0,0,0,1,0,8.334711621820917,0.0,3.784189633918261,360.0,1.0,1,1
LP001431,0,0,0,1,0,7.667158255319148,9.10286651367095,4.919980925828125,360.0,0.0,1,1
LP001432,1,1,2,1,0,7.9919305198524775,0.0,4.394449154672439,360.0,1.0,1,1
LP001439,1,1,0,0,0,8.366370301681654,7.608374474380783,5.267858159063328,360.0,1.0,0,1
LP001443,0,0,0,1,0,8.213923595622743,0.0,4.532599493153256,360.0,1.0,0,1
LP001448,0,1,3,1,0,10.077566902136047,0.0,5.91350300563827,360.0,1.0,0,1
LP001449,1,0,0,1,0,8.259716961021523,7.403061091090091,4.852030263919617,360.0,1.0,0,1
LP001451,1,1,1,1,1,9.26036786557583,8.25608813381491,5.075173815233827,180.0,0.0,2,0
LP001465,1,1,0,1,0,8.712759974960212,7.851661177889265,5.204006687076795,360.0,1.0,0,0
LP001469,1,0,0,1,1,9.91175329695316,0.0,6.476972362889683,480.0,1.0,2,1
LP001473,1,0,0,1,0,7.607878073278507,7.5652752818989315,4.30406509320417,360.0,1.0,2,1
LP001478,1,0,0,1,0,7.907651594711089,0.0,4.248495242049359,360.0,1.0,1,1
LP001482,1,1,0,1,1,8.148734808937169,0.0,3.2188758248682006,120.0,1.0,1,1
LP001487,1,0,0,1,0,8.49596955496461,0.0,4.624972813284271,360.0,1.0,1,1
LP001488,1,1,3,1,0,8.294049640102028,8.955577146281511,5.66988092298052,360.0,1.0,1,0
LP001489,0,1,0,1,0,8.430109084509125,0.0,4.430816798843313,360.0,1.0,0,0
LP001491,1,1,2,1,1,8.106514516255185,8.160803920954665,4.477336814478207,360.0,1.0,2,1
LP001492,1,0,0,1,0,9.61573881119536,0.0,5.488937726156687,360.0,0.0,1,0
LP001493,1,1,2,0,0,8.34283980427146,7.266128779556451,4.859812404361672,360.0,1.0,0,0
LP001497,1,1,2,1,0,8.525558107747866,7.642044402873258,5.220355825078324,360.0,1.0,0,0
LP001498,1,0,0,1,0,8.597297435657898,0.0,5.123963979403259,360.0,1.0,2,1
LP001504,1,0,0,1,1,8.846496938558838,0.0,5.1647859739235145,180.0,1.0,1,1
LP001507,1,1,0,1,0,7.900266036767701,7.618251097876695,4.804021044733257,360.0,1.0,1,1
LP001508,1,1,2,1,0,9.372204086867741,0.0,5.231108616854587,180.0,1.0,2,1
LP001514,0,1,0,1,0,7.753623546559746,8.408939605975984,4.605170185988092,360.0,1.0,1,1
LP001516,0,1,2,1,0,9.60683200528524,0.0,4.248495242049359,360.0,1.0,2,1
LP001518,1,1,1,1,0,7.338238150065589,7.262628600974241,3.4011973816621555,360.0,1.0,2,1
LP001519,0,0,0,1,0,9.210340371976184,7.418780882750794,5.41610040220442,360.0,1.0,0,0
LP001520,1,1,0,1,0,8.48879371689454,6.7226297948554485,4.8283137373023015,360.0,1.0,1,1
LP001528,1,0,0,1,0,8.744647438317532,0.0,4.770684624465665,360.0,0.0,0,0
LP001529,1,1,0,1,1,7.854381210652365,8.229777750081887,5.0238805208462765,360.0,1.0,0,1
LP001531,1,0,0,1,0,9.123256265069069,0.0,5.497168225293202,360.0,1.0,2,0
LP001532,1,1,2,0,0,7.732369222284388,0.0,4.727387818712341,360.0,1.0,0,0
LP001535,1,0,0,1,0,8.087640287778983,0.0,3.912023005428146,360.0,1.0,2,1
LP001536,1,1,3,1,0,10.596609732783568,0.0,6.396929655216146,180.0,0.0,1,1
LP001541,1,1,1,1,0,8.699514748210191,0.0,5.075173815233827,360.0,1.0,0,1
LP001543,1,1,1,1,0,9.16303909885817,0.0,5.231108616854587,360.0,1.0,2,1
LP001546,1,0,0,1,0,7.9996785794994505,7.642044402873258,4.787491742782046,360.0,1.0,0,1
LP001552,1,1,0,1,0,8.430109084509125,8.635153989049803,5.541263545158426,360.0,1.0,1,1
LP001560,1,1,0,0,0,7.529943370601589,6.948897222313312,4.584967478670572,360.0,1.0,1,1
LP001562,1,1,0,1,0,8.978786553302003,0.0,5.616771097666572,360.0,1.0,2,0
LP001565,1,1,1,1,0,8.035602692918582,7.155396301896734,4.795790545596741,360.0,0.0,1,0
LP001570,1,1,2,1,0,8.334951631422454,7.277938572945661,5.062595033026967,360.0,1.0,0,1
LP001572,1,1,0,1,0,9.140239744296693,0.0,4.31748811353631,180.0,1.0,2,1
LP001574,1,1,0,1,0,8.217978203150732,8.06054004653864,5.204006687076795,360.0,1.0,0,1
LP001577,0,1,0,1,0,8.430109084509125,0.0,4.718498871295094,360.0,1.0,0,0
LP001578,1,1,0,1,0,7.79934339821592,8.111928063310739,4.859812404361672,360.0,1.0,0,1
LP001579,1,0,0,1,0,7.71289096149013,0.0,4.143134726391533,480.0,0.0,1,0
LP001580,1,1,2,1,0,8.987196820661973,0.0,5.298317366548036,360.0,1.0,1,1
LP001581,1,1,0,0,0,7.506591780070841,7.478734825567875,4.553876891600541,360.0,1.0,0,1
LP001585,1,1,3,1,0,10.854430887309706,0.0,6.551080335043404,300.0,1.0,2,1
LP001586,1,1,3,0,0,8.166784289056151,0.0,4.394449154672439,180.0,1.0,0,0
LP001594,1,1,0,1,0,8.649623978596727,8.635153989049803,5.231108616854587,360.0,1.0,1,1
LP001603,1,1,0,0,1,8.37655086161377,6.602587892189336,4.465908118654584,360.0,1.0,1,0
LP001606,1,1,0,1,0,8.159660737063376,7.583247524303362,4.7535901911063645,360.0,1.0,0,1
LP001608,1,1,2,1,0,7.623153068476902,7.3901814282264295,4.61512051684126,360.0,1.0,0,1
LP001610,1,1,3,1,0,8.615408238913192,9.332646496360152,6.20455776256869,360.0,0.0,1,0
LP001616,1,1,1,1,0,8.229511118964457,0.0,4.7535901911063645,360.0,1.0,1,1
LP001630,1,0,0,0,0,7.75491027202143,7.280697195384741,4.624972813284271,480.0,0.0,2,0
LP001633,1,1,1,1,0,8.764053269347762,8.888894669371593,5.19295685089021,360.0,0.0,2,0
LP001634,1,0,0,1,0,7.557994958530806,8.529911963824013,4.204692619390966,360.0,1.0,0,0
LP001636,1,1,0,1,0,8.433811582477187,0.0,4.290459441148391,180.0,1.0,1,1
LP001637,1,1,1,1,0,10.429576102968031,0.0,5.560681631015528,360.0,1.0,1,0
LP001639,0,1,0,1,0,8.195609567288775,0.0,4.68213122712422,360.0,1.0,1,1
LP001640,1,1,0,1,1,10.575079070130357,8.46611040118692,4.787491742782046,360.0,1.0,1,1
LP001641,1,1,1,1,1,7.686162303492906,0.0,4.189654742026425,300.0,0.0,0,0
LP001643,1,1,0,1,0,7.776115477098742,7.668093709082406,4.060443010546419,360.0,1.0,0,1
LP001644,1,1,0,1,1,6.513230110912307,8.574895901544526,5.123963979403259,360.0,1.0,0,1
LP001647,1,1,0,1,0,9.140775908590273,0.0,5.236441962829949,180.0,1.0,0,1
LP001653,1,0,0,0,0,8.493924564476883,0.0,3.871201010907891,360.0,1.0,0,1
LP001656,1,0,0,1,0,9.392661928770137,0.0,5.099866427824199,360.0,1.0,1,0
LP001657,1,1,0,0,0,8.704999678440762,0.0,5.075173815233827,360.0,1.0,2,0
LP001658,1,0,0,1,0,8.257904193465674,0.0,4.330733340286331,360.0,1.0,1,1
LP001664,1,0,0,1,0,8.340694647925071,0.0,4.787491742782046,360.0,1.0,0,1
LP001665,1,1,1,1,0,8.047189562170502,7.857093864902493,5.135798437050262,360.0,1.0,1,0
LP001666,1,0,0,1,0,9.027978814382207,8.229777750081887,5.231108616854587,360.0,1.0,0,1
LP001669,0,0,0,0,0,7.553286605600419,7.768956044538332,4.787491742782046,360.0,1.0,2,1
LP001671,0,1,0,1,0,8.13622555490846,7.943427767876373,4.727387818712341,360.0,1.0,1,1
LP001673,1,0,0,1,1,9.305650551780507,0.0,4.418840607796598,360.0,1.0,2,0
LP001674,1,1,1,0,0,7.8632667240095735,7.824445930877619,4.499809670330265,360.0,1.0,1,1
LP001677,1,0,2,1,0,8.5016733797582,0.0,5.111987788356544,360.0,0.0,1,1
LP001682,1,1,3,0,0,8.292047637431354,0.0,4.852030263919617,180.0,1.0,2,0
LP001688,1,1,1,0,0,8.160518247477505,6.988413181999592,4.90527477843843,360.0,1.0,2,1
LP001691,1,1,2,0,0,8.27308133366583,0.0,4.820281565605037,360.0,1.0,1,1
LP001692,0,0,0,0,0,8.391176350832751,0.0,4.787491742782046,360.0,1.0,1,1
LP001693,0,0,0,1,0,8.084562415235304,0.0,4.382026634673881,360.0,1.0,2,1
LP001698,1,0,0,0,0,8.287780027088433,7.836764783264067,4.007333185232471,360.0,1.0,0,1
LP001699,1,0,0,1,0,7.8156105320351905,0.0,4.07753744390572,360.0,1.0,2,1
LP001702,1,0,0,1,0,8.136810863675537,0.0,4.844187086458591,360.0,1.0,1,0
LP001708,0,0,0,1,0,9.210340371976184,0.0,5.365976015021851,360.0,1.0,1,0
LP001711,1,1,3,1,0,8.140315540159985,7.1316985104669115,4.852030263919617,360.0,0.0,1,0
LP001713,1,1,1,1,1,8.960210955576986,0.0,5.480638923341991,360.0,1.0,2,1
LP001715,1,1,3,0,1,8.648747631156539,0.0,4.867534450455582,360.0,1.0,0,1
LP001716,1,1,0,1,0,8.062432791583195,8.013674142832684,4.919980925828125,360.0,1.0,2,1
LP001720,1,1,3,0,0,8.25582842728183,6.891625897052253,4.605170185988092,360.0,1.0,1,1
LP001722,1,1,0,1,0,5.0106352940962555,7.496097345175956,4.90527477843843,360.0,1.0,0,0
LP001726,1,1,0,1,0,8.223358899479258,7.4821189235521155,4.875197323201151,360.0,1.0,1,1
LP001732,1,1,2,1,0,8.517193191416238,0.0,4.276666119016055,360.0,0.0,1,0
LP001734,0,1,2,1,0,8.36240897761537,7.776535028185241,4.844187086458591,360.0,1.0,1,1
LP001736,1,1,0,1,0,7.7057128238944275,0.0,4.0943445622221,360.0,0.0,2,0
LP001743,1,1,2,1,0,8.296297112642508,7.4489161025442,4.7535901911063645,360.0,1.0,1,1
LP001744,1,0,0,1,0,7.9966538754626075,7.934513463882263,4.969813299576001,360.0,1.0,1,1
LP001749,1,1,0,1,0,8.933004591578547,6.918695219020472,5.1647859739235145,360.0,1.0,1,1
LP001750,1,1,0,1,0,8.740336742730447,0.0,4.852030263919617,360.0,1.0,1,1
LP001751,1,1,0,1,0,8.086410275323782,0.0,5.135798437050262,360.0,1.0,0,0
LP001754,1,1,0,0,1,8.462737005620179,0.0,4.927253685157205,360.0,1.0,2,0
LP001758,1,1,2,1,0,8.740336742730447,7.4360278163518485,5.3471075307174685,360.0,1.0,1,1
LP001760,1,1,2,1,0,8.467582690862903,0.0,5.062595033026967,480.0,1.0,1,1
LP001761,1,0,0,1,1,8.764053269347762,0.0,5.298317366548036,360.0,1.0,0,1
LP001765,1,1,1,1,0,7.820439515262181,7.628031126930335,4.6443908991413725,360.0,1.0,1,1
LP001768,1,1,0,1,0,8.22040309993373,0.0,3.7376696182833684,180.0,1.0,0,1
LP001770,1,0,0,0,0,8.067462667010057,7.8628820346414905,4.787491742782046,360.0,1.0,0,1
LP001776,0,0,0,1,0,9.027978814382207,0.0,5.634789603169249,360.0,1.0,1,1
LP001778,1,1,1,1,0,8.056743774975313,7.484368643286131,4.941642422609304,360.0,1.0,1,1
LP001784,1,1,1,1,0,8.612503371220562,7.139660335964919,5.135798437050262,360.0,1.0,0,1
LP001786,1,1,0,1,0,8.656259239539235,0.0,5.541263545158426,360.0,1.0,2,0
LP001788,0,0,0,1,1,8.149890544402423,0.0,4.804021044733257,360.0,1.0,2,1
LP001790,0,0,1,1,0,8.245909264774093,0.0,4.718498871295094,360.0,1.0,0,1
LP001792,1,1,1,1,0,8.106212902619962,0.0,4.564348191467836,360.0,1.0,1,1
LP001798,1,1,2,1,0,8.66888370465667,8.517393171418904,4.787491742782046,360.0,1.0,0,1
LP001800,1,1,1,0,0,7.828038032125829,7.592870287844818,4.941642422609304,180.0,1.0,2,0
LP001806,1,0,0,1,0,7.994632311431825,8.648572269472618,5.043425116919247,60.0,1.0,2,1
LP001807,1,1,2,1,1,8.740336742730447,7.170888478512505,4.68213122712422,360.0,1.0,0,1
LP001811,1,1,0,0,0,8.133293861222633,8.393442383980062,4.812184355372417,360.0,1.0,1,1
LP001813,1,0,0,1,1,8.707813551024888,8.374246182096304,4.787491742782046,180.0,1.0,2,0
LP001814,1,1,2,1,0,9.1801903950253,0.0,4.718498871295094,360.0,1.0,2,1
LP001819,1,1,1,0,0,8.796036315200814,0.0,4.919980925828125,180.0,1.0,2,1
LP001824,1,1,1,1,0,7.966239776559467,7.519692404116539,4.812184355372417,480.0,1.0,1,1
LP001825,1,1,0,1,0,7.500529485395295,7.533158807455563,4.499809670330265,360.0,1.0,2,1
LP001835,1,1,0,0,0,7.419380582918692,8.266421472984554,5.303304908059076,360.0,0.0,1,0
LP001836,0,0,2,1,0,8.139440521874608,0.0,4.927253685157205,360.0,1.0,2,0
LP001841,1,0,0,0,1,7.8567067930958405,7.681560362559537,4.6443908991413725,360.0,1.0,0,1
LP001843,1,1,1,0,0,7.886457270977689,8.868131713503033,5.631211781821365,180.0,1.0,1,1
LP001844,1,0,0,1,1,9.695848187757884,0.0,5.2574953720277815,360.0,0.0,2,0
LP001846,0,0,3,1,0,8.03365842788615,0.0,5.541263545158426,360.0,1.0,0,1
LP001849,1,0,0,0,0,8.706986763048892,0.0,4.74493212836325,360.0,0.0,0,0
LP001854,1,1,3,1,0,8.565983355585669,0.0,4.543294782270004,360.0,1.0,2,0
LP001859,1,1,0,1,0,9.594445640962938,7.650168700845001,5.717027701406222,360.0,1.0,0,0
LP001864,1,1,3,0,0,8.503297086224126,0.0,4.852030263919617,360.0,1.0,1,0
LP001865,1,1,1,1,0,8.713253274320705,8.35490952835879,5.799092654460526,360.0,1.0,2,1
LP001868,1,0,0,1,0,7.630461261783627,7.700747794511798,4.897839799950911,360.0,1.0,1,1
LP001870,0,0,1,1,0,8.15507488781144,0.0,5.043425116919247,36.0,1.0,1,0
LP001871,0,0,0,1,0,8.881836305004146,0.0,4.787491742782046,360.0,1.0,0,1
LP001872,1,0,0,1,1,8.549853973655786,0.0,4.852030263919617,360.0,1.0,1,1
LP001875,1,0,0,1,0,8.31752199628717,8.145549631783584,5.017279836814924,360.0,1.0,0,1
LP001877,1,1,2,1,0,8.457018468380168,7.23561914106675,5.0106352940962555,360.0,1.0,1,1
LP001882,1,1,3,1,0,8.374015421739909,7.502186486602925,5.075173815233827,360.0,0.0,2,1
LP001883,0,0,0,1,0,8.136810863675537,0.0,4.90527477843843,360.0,1.0,0,0
LP001884,0,0,1,1,0,7.964155718840937,7.353081920515432,4.499809670330265,360.0,1.0,2,1
LP001888,0,0,0,1,0,8.082402253926244,0.0,3.4011973816621555,360.0,1.0,2,1
LP001891,1,1,0,1,0,9.318835968129482,0.0,4.912654885736052,360.0,1.0,2,1
LP001892,1,0,0,1,0,7.949091499830517,7.527255919373784,4.836281906951478,360.0,1.0,0,1
LP001894,1,1,0,1,0,7.8709295967551425,7.707062655370473,5.0106352940962555,360.0,1.0,1,1
LP001896,1,1,2,1,0,8.268731832117737,0.0,4.499809670330265,360.0,1.0,1,1
LP001900,1,1,1,1,0,7.919356190660617,7.519149957669823,4.74493212836325,360.0,1.0,1,1
LP001903,1,1,0,1,0,8.292298107063221,8.094073148069352,5.332718793265369,360.0,1.0,1,1
LP001904,1,1,0,1,0,8.04012466444838,7.170888478512505,4.382026634673881,360.0,1.0,2,1
LP001907,1,1,0,1,0,9.587611745713565,0.0,6.077642243349034,360.0,1.0,1,1
LP001908,0,1,0,0,0,8.318742252692399,0.0,4.820281565605037,360.0,1.0,0,1
LP001910,1,0,1,0,1,8.307212626628308,7.794411205726601,5.062595033026967,360.0,0.0,2,0
LP001914,1,1,0,1,0,8.27563105457801,6.68586094706836,4.718498871295094,360.0,1.0,1,1
LP001915,1,1,2,1,0,7.741099090035366,6.894467372292008,4.356708826689592,180.0,1.0,2,1
LP001917,0,0,0,1,0,7.501634457883413,7.418780882750794,3.9889840465642745,360.0,1.0,2,1
LP001922,1,1,0,1,0,9.936293504261306,0.0,4.852030263919617,360.0,1.0,0,0
LP001924,1,0,0,1,0,8.057694194815587,8.024207485778577,4.48863636973214,360.0,1.0,0,1
LP001925,0,0,0,1,1,7.8632667240095735,7.4489161025442,4.59511985013459,300.0,1.0,1,0
LP001926,1,1,0,1,0,8.21716859576607,7.601402334583733,4.787491742782046,360.0,1.0,0,1
LP001931,0,0,0,1,0,8.32457884513685,0.0,4.74493212836325,360.0,1.0,1,1
LP001935,1,0,0,1,0,9.159888828480085,0.0,5.231108616854587,360.0,1.0,0,1
LP001936,1,1,0,1,0,8.031060180240619,7.790282380703483,4.9344739331306915,360.0,1.0,0,1
LP001938,1,1,2,1,0,8.389359819906353,0.0,4.844187086458591,360.0,0.0,1,0
LP001940,1,1,2,1,0,8.056109659545061,7.353081920515432,4.897839799950911,360.0,1.0,2,1
LP001945,0,0,2,1,0,8.597297435657898,0.0,4.962844630259907,480.0,0.0,2,0
LP001947,1,1,0,1,0,7.776115477098742,8.112227958349724,5.147494476813453,360.0,1.0,1,1
LP001949,1,1,3,1,0,8.392989587956931,7.1316985104669115,4.700480365792417,360.0,1.0,2,1
LP001953,1,1,1,1,0,8.835646922534773,0.0,5.298317366548036,360.0,1.0,1,1
LP001954,0,1,1,1,0,8.448057452581375,0.0,4.90527477843843,360.0,1.0,2,1
LP001955,0,0,0,1,0,8.517193191416238,7.8407064517494,5.017279836814924,480.0,1.0,0,0
LP001963,1,1,1,1,0,7.607878073278507,7.98139158158007,4.727387818712341,360.0,1.0,2,0
LP001964,1,1,0,0,0,7.495541943884256,7.984462732262196,4.532599493153256,360.0,0.0,2,0
LP001972,1,1,0,0,0,7.963807953231451,7.467942332285852,4.653960350157523,360.0,1.0,1,1
LP001974,0,0,0,1,0,8.517193191416238,0.0,4.882801922586371,360.0,1.0,0,1
LP001977,1,1,1,1,0,7.393263094763838,7.4977617006225685,4.564348191467836,360.0,1.0,2,1
LP001978,1,0,0,1,0,8.294049640102028,7.824445930877619,4.941642422609304,360.0,1.0,0,1
LP001990,1,0,0,0,0,7.600902459542082,0.0,4.852030263919617,360.0,1.0,2,0
LP001993,0,0,0,1,0,8.232706009860976,7.418780882750794,4.90527477843843,360.0,1.0,0,1
LP001994,0,0,0,1,0,7.783224016336037,7.530479995245536,4.6443908991413725,360.0,0.0,2,0
LP001996,1,0,0,1,0,9.915070213779195,0.0,6.173786103901937,360.0,1.0,0,0
LP001998,1,1,2,0,0,8.944680683558895,0.0,5.220355825078324,360.0,1.0,0,1
LP002002,0,0,0,1,0,7.978310969867722,0.0,4.430816798843313,360.0,1.0,1,1
LP002004,1,0,0,0,0,7.9817332866918855,7.785720896534624,4.709530201312334,360.0,1.0,1,1
LP002006,0,0,0,1,0,7.826842098158293,0.0,4.02535169073515,360.0,1.0,0,1
LP002008,1,1,2,1,1,8.656259239539235,0.0,4.969813299576001,84.0,1.0,0,1
LP002024,1,1,0,1,0,7.813187267521416,7.519692404116539,5.0689042022202315,360.0,1.0,0,0
LP002031,1,1,1,0,0,8.131236549696116,7.403061091090091,4.709530201312334,180.0,1.0,2,1
LP002035,1,1,2,1,0,8.220672170297252,0.0,4.787491742782046,360.0,1.0,1,1
LP002036,1,1,0,1,0,7.629489916393995,7.666221925662725,4.477336814478207,360.0,1.0,2,1
LP002043,0,0,1,1,0,8.172164452111904,0.0,4.718498871295094,360.0,1.0,1,1
LP002050,1,1,1,1,1,9.210340371976184,0.0,5.043425116919247,360.0,1.0,0,0
LP002051,1,1,0,1,0,7.783224016336037,7.681560362559537,4.74493212836325,360.0,1.0,1,1
LP002053,1,1,3,1,0,8.376090350438238,5.247024072160486,4.820281565605037,360.0,1.0,1,1
LP002054,1,1,2,0,0,8.188966863648876,7.372118028337787,4.852030263919617,360.0,1.0,0,1
LP002055,0,0,0,1,0,8.060224240440958,8.001689978099135,4.882801922586371,360.0,1.0,0,1
LP002065,1,1,3,1,0,9.615805480084347,0.0,5.703782474656201,360.0,1.0,0,1
LP002067,1,1,1,1,1,9.067162602299854,8.51398806046729,5.929589143389895,360.0,0.0,0,0
LP002068,1,0,0,1,0,8.50045386741194,0.0,4.867534450455582,360.0,0.0,0,1
LP002082,1,1,0,1,1,8.668711839055147,7.6783263565068856,5.214935757608986,360.0,1.0,1,1
LP002086,0,1,0,1,0,8.374015421739909,7.804659297056102,4.700480365792417,360.0,1.0,2,0
LP002087,0,0,0,1,0,7.824046010856292,0.0,4.204692619390966,360.0,1.0,2,1
LP002097,1,0,1,1,0,8.385716828627851,7.492203042618741,4.762173934797756,360.0,1.0,2,1
LP002098,1,0,0,1,0,7.984462732262196,0.0,4.584967478670572,360.0,1.0,1,1
LP002100,1,0,0,1,0,7.949091499830517,0.0,4.2626798770413155,360.0,1.0,2,1
LP002101,1,1,0,1,0,11.05622495553552,0.0,6.194405391104672,180.0,1.0,2,1
LP002103,1,1,1,1,1,9.193499354780156,7.51425465281641,5.204006687076795,180.0,1.0,2,1
LP002106,1,1,1,1,1,8.613048677059759,8.409830673087738,4.248495242049359,360.0,1.0,1,1
LP002110,1,1,1,1,1,8.565983355585669,6.535241271013659,5.075173815233827,360.0,1.0,0,1
LP002112,1,1,2,1,1,7.824046010856292,8.434028950155469,5.170483995038151,360.0,1.0,0,1
LP002113,0,0,3,0,0,7.512071245835466,0.0,4.852030263919617,360.0,0.0,2,0
LP002114,0,0,0,1,0,8.333270353255308,0.0,4.2626798770413155,360.0,1.0,1,1
LP002115,1,1,3,0,0,7.881182202227102,7.370230641807081,5.153291594497779,360.0,1.0,0,0
LP002116,0,0,0,1,0,7.774015077250727,0.0,3.828641396489095,360.0,1.0,0,0
LP002119,1,1,1,0,0,8.423761246623686,7.114769448366463,5.062595033026967,360.0,1.0,2,1
LP002126,1,1,3,0,0,8.062432791583195,0.0,4.30406509320417,360.0,1.0,1,1
LP002128,1,1,2,1,0,7.8567067930958405,7.754052639035757,4.8283137373023015,360.0,1.0,0,1
LP002129,1,1,0,1,0,7.823645930834952,7.807510042216193,5.075173815233827,360.0,1.0,1,1
LP002130,1,1,0,0,0,8.167068178341237,8.080546965824498,5.0238805208462765,360.0,0.0,0,0
LP002131,1,1,2,0,0,8.03365842788615,7.682021510826875,4.836281906951478,360.0,1.0,2,1
LP002137,1,1,0,1,0,8.753529336516431,8.430327258394575,5.556828061699537,360.0,1.0,1,1
LP002138,1,1,0,1,0,7.872836175025724,8.740496729931813,5.231108616854587,360.0,1.0,0,1
LP002139,1,1,0,1,0,9.114159813502214,0.0,5.429345628954441,360.0,1.0,1,1
LP002140,1,0,0,1,0,9.07680897935166,8.335191583433202,5.730099782973574,360.0,1.0,0,0
LP002141,1,1,3,1,0,7.888334500738654,7.642044402873258,4.553876891600541,360.0,1.0,0,1
LP002142,0,1,0,1,1,8.612503371220562,0.0,4.653960350157523,360.0,0.0,0,0
LP002143,0,1,0,1,0,7.792761720816526,6.226536669287466,4.867534450455582,360.0,1.0,1,1
LP002144,0,0,0,1,0,8.246171559857563,0.0,4.7535901911063645,180.0,1.0,2,1
LP002149,1,1,2,1,0,9.027978814382207,8.060855752934316,5.10594547390058,360.0,1.0,0,1
LP002151,1,1,1,1,0,8.262300941787448,0.0,4.204692619390966,360.0,1.0,2,0
LP002158,1,1,0,0,0,8.006367567650246,7.418780882750794,4.605170185988092,480.0,0.0,2,0
LP002160,1,1,3,1,0,8.550047528287184,8.060855752934316,5.298317366548036,360.0,1.0,1,1
LP002161,0,0,1,1,0,8.460199469896118,0.0,4.394449154672439,360.0,1.0,1,0
LP002170,1,1,2,1,0,8.517193191416238,8.207401833376355,5.4638318050256105,360.0,1.0,1,1
LP002175,1,1,0,1,0,8.465899897028686,7.755338812846501,4.867534450455582,360.0,1.0,2,1
LP002178,1,1,0,1,0,8.0106915391303,8.017637159908478,4.553876891600541,300.0,1.0,2,1
LP002180,1,0,0,1,1,8.82790796297859,0.0,4.948759890378168,360.0,1.0,0,1
LP002181,1,0,0,0,0,8.734881892047483,0.0,4.890349128221754,360.0,1.0,0,0
LP002187,1,0,0,1,0,7.824046010856292,0.0,4.564348191467836,480.0,1.0,1,0
LP002188,1,0,0,1,0,8.541690663016626,0.0,4.820281565605037,360.0,0.0,0,0
LP002190,1,1,1,1,0,8.752265313595721,0.0,5.1647859739235145,360.0,1.0,1,1
LP002191,1,1,0,1,0,9.889895599016661,8.569216219483389,6.345636360828596,360.0,1.0,0,0
LP002194,0,0,0,1,1,9.665166909622071,0.0,4.007333185232471,360.0,1.0,1,1
LP002197,1,1,2,1,0,8.553525120663627,0.0,5.043425116919247,360.0,1.0,1,1
LP002201,1,1,2,1,1,9.140239744296693,8.971321471503682,5.940171252720432,300.0,1.0,0,1
LP002205,1,0,1,1,0,8.026823576217629,7.59488438721652,4.709530201312334,180.0,0.0,2,0
LP002209,0,0,0,1,0,7.92443418488756,7.286191714702382,4.700480365792417,360.0,1.0,2,1
LP002211,1,1,0,1,0,8.479906606630221,6.828712071641684,4.787491742782046,180.0,1.0,2,1
LP002219,1,1,3,1,0,9.07680897935166,8.516593011344206,4.867534450455582,360.0,1.0,0,1
LP002223,1,1,0,1,0,8.368693183097793,0.0,4.867534450455582,360.0,1.0,1,1
LP002224,1,0,0,1,0,8.029107054619736,0.0,4.2626798770413155,480.0,1.0,2,0
LP002225,1,1,2,1,0,8.592486175451668,0.0,4.867534450455582,360.0,1.0,2,1
LP002226,1,1,0,1,0,8.11162807830774,7.824445930877619,4.852030263919617,360.0,1.0,1,1
LP002229,1,0,0,1,0,8.689632748355741,8.350666240520924,5.69035945432406,360.0,1.0,1,1
LP002231,0,0,0,1,0,8.699514748210191,0.0,5.049856007249537,360.0,1.0,2,1
LP002234,1,0,0,1,1,8.877242435993919,0.0,4.852030263919617,360.0,1.0,2,1
LP002236,1,1,2,1,0,8.42639282708974,0.0,4.605170185988092,360.0,1.0,2,0
LP002237,1,0,1,1,0,8.207129168071326,0.0,4.727387818712341,180.0,1.0,2,1
LP002239,1,0,0,0,0,7.76046702921342,7.3783837129967145,4.882801922586371,360.0,1.0,1,1
LP002243,1,1,0,0,0,8.009695357742922,8.051022208190679,4.852030263919617,360.0,0.0,2,0
LP002244,1,1,0,1,0,7.75491027202143,7.790696031174738,4.912654885736052,360.0,1.0,2,1
LP002250,1,1,0,1,0,8.610319169405722,0.0,4.8283137373023015,360.0,1.0,0,1
LP002255,1,0,3,1,0,9.123365357961776,0.0,5.220355825078324,360.0,1.0,0,1
LP002262,1,1,3,1,0,9.159468041602427,0.0,5.616771097666572,360.0,1.0,0,1
LP002263,1,1,0,1,0,7.8567067930958405,7.65728279297819,4.787491742782046,360.0,1.0,2,1
LP002265,1,1,2,0,0,7.597396320212795,7.3938782901077555,4.727387818712341,180.0,1.0,1,1
LP002266,1,1,2,1,0,8.039157390473237,7.244941546337007,4.727387818712341,360.0,1.0,2,1
LP002272,1,1,2,1,0,8.09437844497296,6.184148890937483,4.90527477843843,360.0,1.0,1,1
LP002277,0,0,0,1,0,8.064636475774222,0.0,4.2626798770413155,360.0,0.0,2,0
LP002281,1,1,0,1,0,8.017307507688582,7.286191714702382,4.553876891600541,360.0,1.0,2,1
LP002284,1,0,0,0,0,8.269244521183056,7.418780882750794,4.6913478822291435,360.0,1.0,0,1
LP002287,0,0,0,1,0,7.313220387090301,7.496097345175956,4.634728988229636,360.0,0.0,1,0
LP002288,1,1,2,0,0,7.968665700466235,0.0,3.8066624897703196,180.0,0.0,2,0
LP002296,1,0,0,0,0,7.9211727215870145,0.0,4.174387269895637,300.0,1.0,0,0
LP002297,1,0,0,1,0,7.824046010856292,9.90353755128617,4.634728988229636,360.0,1.0,1,1
LP002300,0,0,0,0,0,7.5822291942764615,0.0,3.970291913552122,360.0,1.0,1,1
LP002301,0,0,0,1,1,8.914760527397261,0.0,5.267858159063328,360.0,1.0,0,0
LP002305,0,0,0,1,0,8.42222295382501,0.0,4.74493212836325,360.0,1.0,1,1
LP002308,1,1,0,0,0,7.681099001536359,7.783640596221253,4.74493212836325,360.0,1.0,2,1
LP002314,0,0,0,0,0,7.70210434005105,0.0,4.189654742026425,360.0,1.0,0,1
LP002315,1,1,1,1,0,9.02401079378469,0.0,5.0238805208462765,300.0,0.0,1,0
LP002317,1,1,3,1,0,11.302204433654575,0.0,5.886104031450156,360.0,0.0,0,0
LP002318,0,0,1,0,1,8.260234291607297,0.0,4.127134385045092,360.0,1.0,1,0
LP002319,1,1,0,1,1,8.741296282225147,0.0,5.075173815233827,360.0,1.0,2,1
LP002328,1,1,0,0,0,8.715388097366482,0.0,5.384495062789089,360.0,0.0,0,0
LP002332,1,1,0,0,0,7.720017940432244,7.617759576608505,4.700480365792417,360.0,1.0,0,1
LP002335,0,1,0,0,0,7.67275789664251,8.08271113423758,5.181783550292085,360.0,0.0,1,0
LP002337,0,0,0,1,0,8.00469951054955,0.0,4.0943445622221,360.0,1.0,2,1
LP002341,0,0,1,1,0,7.8632667240095735,0.0,5.075173815233827,360.0,1.0,2,0
LP002342,1,1,2,1,1,7.3777589082278725,9.90353755128617,5.476463551931511,360.0,1.0,2,0
LP002345,1,1,0,1,0,6.932447891572509,7.928045600874777,4.718498871295094,360.0,1.0,0,1
LP002347,1,1,0,1,0,8.085178748074537,7.257002707092073,4.927253685157205,360.0,1.0,1,1
LP002348,1,1,0,1,0,8.67060073804555,0.0,4.927253685157205,360.0,1.0,0,1
LP002357,0,0,0,0,0,7.908387159290043,0.0,4.382026634673881,360.0,0.0,2,0
LP002361,1,1,0,1,0,7.506591780070841,7.450079569807499,4.605170185988092,360.0,1.0,2,1
LP002362,1,1,1,1,0,8.88875674784872,7.419380582918692,4.700480365792417,360.0,0.0,2,0
LP002364,1,1,0,1,0,9.607773308387083,0.0,4.564348191467836,360.0,1.0,1,1
LP002366,1,1,0,1,0,7.888334500738654,8.366602832783736,4.795790545596741,360.0,1.0,0,1
LP002367,0,0,1,0,0,8.43511508038063,0.0,4.394449154672439,360.0,1.0,0,0
LP002368,1,1,2,1,0,8.688622307043769,0.0,4.890349128221754,360.0,1.0,1,1
LP002369,1,1,0,1,0,7.979338895262328,2.8402474197790153,4.465908118654584,360.0,1.0,0,1
LP002370,1,0,0,0,0,7.907283609426348,0.0,4.0943445622221,180.0,1.0,2,1
LP002377,0,0,1,1,1,9.06230429314878,0.0,5.0106352940962555,360.0,1.0,1,1
LP002379,1,0,0,1,0,8.779557455883728,0.0,4.653960350157523,360.0,0.0,0,0
LP002386,1,0,0,1,0,9.463120392418698,0.0,6.003887067106539,360.0,1.0,1,1
LP002387,1,1,0,1,0,7.793586803371584,7.75833346749091,4.962844630259907,360.0,1.0,1,1
LP002390,1,0,0,1,0,8.229511118964457,0.0,4.605170185988092,360.0,1.0,2,1
LP002393,0,0,0,1,0,9.215029361462314,0.0,4.852030263919617,240.0,1.0,1,1
LP002398,1,0,0,1,0,7.563200592358071,7.524021415206125,3.912023005428146,360.0,1.0,1,1
LP002401,1,1,0,1,0,7.70210434005105,7.026426808699636,4.852030263919617,360.0,1.0,2,1
LP002403,1,0,0,1,1,9.251098364448351,0.0,5.231108616854587,360.0,0.0,2,0
LP002407,0,1,0,0,1,8.873748128154395,0.0,4.927253685157205,360.0,1.0,0,1
LP002408,1,0,0,1,0,8.205218426395412,8.530109416682784,5.231108616854587,360.0,1.0,1,1
LP002409,1,1,0,1,0,8.974744612722734,7.51425465281641,5.19295685089021,360.0,1.0,0,1
LP002418,1,0,3,0,0,8.456806041401142,7.597897950521784,4.997212273764115,360.0,1.0,1,1
LP002422,1,0,1,1,0,10.537919225261291,0.0,5.0238805208462765,360.0,1.0,1,1
LP002424,1,1,0,1,0,8.9001399880938,9.0280988119824,5.1647859739235145,300.0,1.0,0,1
LP002429,1,1,1,1,1,8.150756470275551,7.099201743553092,4.867534450455582,360.0,1.0,0,1
LP002434,1,1,2,0,0,8.445052513638554,0.0,4.700480365792417,360.0,1.0,0,1
LP002435,1,1,0,1,0,8.171599480345463,7.227662498728655,4.007333185232471,360.0,1.0,0,0
LP002443,1,1,2,1,0,8.113726085970747,7.444833273892193,5.0106352940962555,360.0,0.0,0,0
LP002444,1,0,1,0,1,7.926241523170962,7.341483852363161,5.247024072160486,360.0,1.0,1,0
LP002446,1,1,2,0,0,7.744569809354496,7.135687347028144,4.8283137373023015,360.0,0.0,0,0
LP002447,1,1,2,0,0,7.579678823090456,7.284134806195205,4.0943445622221,300.0,1.0,2,1
LP002448,1,1,0,1,0,8.280964400553373,7.458186157340487,5.003946305945459,360.0,0.0,0,0
LP002449,1,1,0,1,0,7.817222785508166,7.810758116529357,4.499809670330265,180.0,0.0,0,1
LP002453,1,0,0,1,1,8.865735152124781,0.0,4.430816798843313,360.0,1.0,1,1
LP002455,1,1,2,1,0,8.258163361537619,0.0,4.564348191467836,360.0,1.0,1,1
LP002459,1,1,0,1,0,8.366602832783736,0.0,4.770684624465665,360.0,1.0,2,1
LP002467,1,1,0,1,0,8.218247926685745,7.851661177889265,5.153291594497779,360.0,1.0,2,0
LP002472,1,0,2,1,0,8.378850241794492,0.0,4.912654885736052,360.0,1.0,0,1
LP002473,1,1,0,1,0,9.0280988119824,0.0,5.075173815233827,360.0,1.0,1,0
LP002478,1,1,0,1,1,7.641564441260972,8.314832179284556,5.075173815233827,360.0,1.0,1,1
LP002484,1,1,3,1,0,8.954156966583772,0.0,4.852030263919617,180.0,1.0,2,1
LP002487,1,1,0,1,0,8.011355109161286,7.691200097522863,5.030437921392435,360.0,1.0,0,1
LP002489,0,0,1,0,0,8.55468163582723,0.0,4.882801922586371,360.0,1.0,1,1
LP002493,1,0,0,1,0,8.334711621820917,0.0,4.584967478670572,360.0,0.0,1,0
LP002494,1,0,0,1,0,8.699514748210191,0.0,4.941642422609304,360.0,1.0,0,1
LP002500,1,1,3,0,0,7.988542982737695,7.417580402414544,4.248495242049359,180.0,0.0,2,0
LP002501,1,1,0,1,0,9.722684841711443,0.0,4.700480365792417,360.0,1.0,1,1
LP002502,0,1,2,0,0,5.3471075307174685,7.978653729082731,4.584967478670572,360.0,1.0,1,1
LP002505,1,1,0,1,0,8.374015421739909,7.804659297056102,4.700480365792417,360.0,1.0,2,0
LP002515,1,1,1,1,1,8.146129510025405,7.640123172695364,5.087596335232384,360.0,1.0,1,1
LP002517,1,1,1,0,0,7.88344635413774,7.313886831633462,4.727387818712341,180.0,0.0,0,0
LP002519,1,1,3,1,0,8.453401058328458,0.0,4.605170185988092,360.0,1.0,1,1
LP002522,0,0,0,1,1,7.824046010856292,0.0,4.532599493153256,360.0,1.0,2,1
LP002524,1,0,2,1,0,8.61830469278465,8.444407421690585,5.087596335232384,360.0,1.0,0,1
LP002527,1,1,2,1,1,9.712629664719888,6.922643891475888,5.0106352940962555,360.0,1.0,0,1
LP002529,1,1,2,1,0,8.809862805379057,7.467942332285852,5.438079308923196,300.0,1.0,1,1
LP002530,1,1,2,1,0,7.96311205897929,7.5352967024440884,4.882801922586371,360.0,0.0,1,0
LP002531,1,1,1,1,1,9.721185995542177,7.719129840906732,4.454347296253507,360.0,1.0,1,1
LP002533,1,1,2,1,0,7.988542982737695,7.38025578842646,4.852030263919617,360.0,1.0,2,0
LP002534,0,0,0,0,0,8.37793112408273,0.0,5.0369526024136295,360.0,1.0,0,1
LP002536,1,1,3,0,0,8.037543185118697,0.0,4.727387818712341,360.0,1.0,0,1
LP002537,1,1,0,1,0,7.641564441260972,8.055475141757274,4.852030263919617,360.0,1.0,1,1
LP002541,1,1,0,1,0,9.290352309945568,0.0,5.455321115357702,360.0,1.0,1,1
LP002543,1,1,2,1,0,9.027978814382207,0.0,5.5053315359323625,360.0,1.0,1,1
LP002544,1,1,1,0,0,7.579678823090456,7.798523053625206,4.875197323201151,360.0,1.0,0,1
LP002545,1,0,2,1,0,8.173857454773621,0.0,4.382026634673881,360.0,0.0,0,0
LP002547,1,1,1,1,0,9.816457993563025,0.0,6.214608098422191,360.0,1.0,2,0
LP002555,1,1,2,1,1,8.430109084509125,7.642044402873258,5.075173815233827,360.0,1.0,1,1
LP002556,1,0,0,1,0,7.79770203551669,0.0,4.31748811353631,360.0,1.0,2,0
LP002560,1,0,0,0,0,7.900636613018005,7.932362154339751,4.564348191467836,360.0,1.0,1,1
LP002562,1,1,1,0,0,8.581669210600602,7.0317412587631285,5.225746673713202,360.0,1.0,2,1
LP002571,1,0,0,0,0,8.213652703029998,0.0,4.700480365792417,360.0,1.0,0,1
LP002582,0,0,0,0,1,9.756320761816548,0.0,5.41610040220442,360.0,1.0,1,1
LP002585,1,1,0,1,0,8.187855443695623,7.67693714581808,4.77912349311153,360.0,0.0,0,0
LP002586,0,1,1,1,0,8.109525659752872,6.81783057145415,4.653960350157523,84.0,1.0,1,1
LP002587,1,1,0,0,0,7.8632667240095735,7.438971592395862,4.672828834461906,360.0,1.0,0,1
LP002588,1,1,0,1,0,8.439231649946526,7.957877358489813,4.709530201312334,12.0,1.0,2,1
LP002600,1,1,1,1,1,7.970740390007095,0.0,4.553876891600541,360.0,1.0,1,1
LP002602,1,0,0,1,0,8.745602852402946,8.393216011596527,5.342334251964811,360.0,0.0,0,0
LP002603,0,0,0,1,0,6.4692503167957724,8.211754397375197,4.727387818712341,480.0,1.0,0,1
LP002606,0,0,0,1,0,8.058010800802085,0.0,4.605170185988092,360.0,1.0,1,1
LP002615,1,1,2,1,0,8.489821994620105,8.63497622707262,5.337538079701318,360.0,1.0,1,1
LP002618,1,1,1,0,0,8.306472160100585,8.57602797713713,4.927253685157205,360.0,1.0,0,0
LP002619,1,1,0,0,0,8.246433786160365,7.302496423727326,4.820281565605037,300.0,1.0,1,1
LP002622,1,1,2,1,0,8.163371316459912,8.393216011596527,5.493061443340548,360.0,1.0,0,1
LP002624,1,1,0,1,0,9.944293546928382,8.805075243870684,6.173786103901937,360.0,1.0,2,1
LP002625,1,0,0,1,0,8.183955717304954,0.0,4.564348191467836,360.0,1.0,2,0
LP002626,1,1,0,1,1,7.8156105320351905,8.01102337918644,5.236441962829949,360.0,1.0,2,1
LP002634,0,0,1,1,0,9.492658081928813,0.0,3.6888794541139363,360.0,1.0,2,1
LP002637,1,0,0,0,0,8.188133414510478,7.160845906664299,4.605170185988092,360.0,1.0,0,0
LP002640,1,1,1,1,0,8.71028982137815,7.60339933974067,5.521460917862246,360.0,1.0,1,1
LP002643,1,1,2,1,0,8.096512917501594,7.618742377670413,4.997212273764115,360.0,1.0,2,1
LP002648,1,1,0,1,0,7.6638772587034705,8.80492526261806,4.248495242049359,180.0,1.0,1,0
LP002652,1,0,0,1,0,8.668196064952765,8.207129168071326,5.739792912179234,360.0,1.0,0,0
LP002659,1,1,3,1,0,8.150756470275551,8.14002395246292,5.0106352940962555,360.0,1.0,0,1
LP002670,0,1,2,1,0,7.616283561580385,7.398174092970465,4.727387818712341,480.0,1.0,1,1
LP002682,1,1,2,0,0,8.03073492409854,7.496097345175956,4.812184355372417,360.0,0.0,1,0
LP002683,1,0,0,1,0,8.451694209183541,7.557994958530806,5.220355825078324,360.0,1.0,1,0
LP002684,0,0,0,0,0,8.131530710604252,0.0,4.553876891600541,360.0,1.0,0,0
LP002689,1,1,2,0,0,7.692569648067906,7.463363045520021,3.8066624897703196,360.0,1.0,1,1
LP002690,1,0,0,1,0,7.824046010856292,0.0,4.007333185232471,360.0,1.0,1,1
LP002692,1,1,3,1,1,8.644178203170727,7.261927092702751,4.605170185988092,360.0,1.0,0,1
LP002693,1,1,2,1,1,8.980675603671708,8.877242435993919,6.173786103901937,360.0,1.0,0,1
LP002697,1,0,0,1,0,8.451053388911692,7.643961949002529,4.852030263919617,360.0,1.0,1,0
LP002699,1,1,2,1,1,9.769956159911606,0.0,5.991464547107982,360.0,1.0,0,1
LP002705,1,1,0,1,0,8.236155661683124,0.0,4.700480365792417,360.0,1.0,1,1
LP002706,1,1,1,0,0,8.572627898304338,7.266128779556451,5.081404364984463,360.0,0.0,1,1
LP002714,1,0,1,0,0,7.893198869544609,7.172424577124845,4.543294782270004,360.0,1.0,1,1
LP002716,1,0,0,0,0,8.82217476094608,0.0,4.867534450455582,360.0,1.0,1,1
LP002717,1,1,0,1,0,6.932447891572509,8.612685172875459,5.375278407684165,360.0,1.0,0,1
LP002720,1,1,3,1,0,8.361941906144946,0.0,4.605170185988092,360.0,1.0,2,1
LP002723,1,0,2,1,0,8.185350223178686,0.0,4.700480365792417,360.0,0.0,0,0
LP002729,1,0,1,1,0,9.328123407632566,0.0,5.278114659230517,360.0,1.0,1,0
LP002731,0,0,0,0,1,9.807251944655302,0.0,4.8283137373023015,360.0,1.0,2,1
LP002732,1,0,0,0,1,7.843848638152472,7.622174594817622,4.836281906951478,360.0,1.0,0,1
LP002734,1,1,0,1,0,8.721439305625983,8.27052509505507,5.780743515792329,360.0,1.0,2,1
LP002738,1,0,2,1,0,8.193400231952097,0.0,4.672828834461906,360.0,1.0,1,1
LP002739,1,1,0,0,0,7.978310969867722,6.285998094508865,4.189654742026425,360.0,1.0,0,0
LP002740,1,1,3,1,0,8.766705997750515,0.0,5.056245805348308,180.0,1.0,0,1
LP002741,0,1,1,1,0,8.435549202375727,7.953669778649798,4.941642422609304,180.0,1.0,1,1
LP002743,0,0,0,1,0,7.6676260915849905,0.0,4.59511985013459,360.0,0.0,1,0
LP002753,0,0,1,1,0,8.20303024171486,0.0,4.553876891600541,360.0,1.0,1,1
LP002755,1,1,1,0,0,7.713784616598755,7.83399634170946,4.852030263919617,360.0,1.0,2,1
LP002757,0,1,0,0,0,8.012018239159062,6.498282149476434,4.624972813284271,360.0,1.0,1,1
LP002767,1,1,0,1,0,7.92588031673756,7.576097340623111,5.043425116919247,360.0,1.0,0,1
LP002768,1,0,0,0,0,8.119100837637486,0.0,4.382026634673881,36.0,1.0,1,0
LP002772,1,0,0,1,0,7.8343923029104365,7.486613313139955,4.976733742420574,360.0,1.0,0,1
LP002776,0,0,0,1,0,8.517193191416238,0.0,4.634728988229636,360.0,0.0,1,0
LP002777,1,1,0,1,0,7.932003152361385,7.6093665379542115,4.700480365792417,360.0,1.0,0,1
LP002778,1,1,2,1,1,8.799812469525556,0.0,4.852030263919617,360.0,0.0,0,0
LP002784,1,1,1,0,0,7.820840879907344,7.773173680482536,4.852030263919617,360.0,1.0,0,1
LP002785,1,1,1,1,0,8.11162807830774,8.086717920303906,5.062595033026967,360.0,1.0,2,1
LP002788,1,1,0,0,0,7.805474625270857,7.755338812846501,5.198497031265826,360.0,0.0,2,0
LP002789,1,1,0,1,0,8.186742787113518,8.358666283188,4.882801922586371,180.0,0.0,0,0
LP002792,1,1,1,1,0,8.60666819784384,6.940222469119639,3.258096538021482,360.0,1.0,1,1
LP002794,0,0,0,1,0,7.888709524182015,7.3938782901077555,4.430816798843313,360.0,1.0,2,1
LP002795,1,1,3,1,1,9.22414465295258,0.0,5.560681631015528,360.0,1.0,1,1
LP002798,1,1,0,1,0,8.265392930852224,7.8898337513942955,5.087596335232384,360.0,1.0,1,1
LP002804,0,1,0,1,0,8.338066525518801,7.7437032581737535,5.204006687076795,360.0,1.0,1,1
LP002807,1,1,2,0,0,8.209308411646937,5.493061443340548,4.68213122712422,360.0,1.0,1,1
LP002813,0,1,1,1,1,9.877348894926433,0.0,6.396929655216146,360.0,1.0,1,1
LP002820,1,1,0,1,0,8.686598356276965,7.628031126930335,5.351858133476067,360.0,1.0,0,1
LP002821,1,0,0,0,1,8.66561319653451,0.0,4.882801922586371,360.0,1.0,1,1
LP002832,1,1,2,1,0,9.08239335764556,0.0,5.552959584921617,360.0,0.0,2,0
LP002833,1,1,0,0,0,8.404472321352118,0.0,4.787491742782046,360.0,1.0,0,1
LP002836,1,0,0,1,0,8.11162807830774,0.0,4.248495242049359,360.0,1.0,2,1
LP002837,1,1,3,1,0,8.131530710604252,7.824445930877619,4.812184355372417,360.0,0.0,0,0
LP002840,0,0,0,1,0,7.774015077250727,0.0,2.1972245773362196,360.0,1.0,2,0
LP002841,1,1,0,1,0,8.060224240440958,7.632885505395133,4.6443908991413725,360.0,0.0,2,0
LP002842,1,1,1,1,0,8.136518252115291,7.467942332285852,5.225746673713202,360.0,1.0,2,1
LP002847,1,1,1,1,0,8.540128162698734,7.280697195384741,5.10594547390058,360.0,0.0,2,0
LP002855,1,1,2,1,0,9.721125994942152,0.0,5.616771097666572,360.0,1.0,2,1
LP002862,1,1,2,0,0,8.720134035412928,7.3938782901077555,5.231108616854587,480.0,1.0,1,0
LP002863,1,1,3,1,0,8.764990330169104,0.0,5.0106352940962555,360.0,1.0,1,0
LP002868,1,1,2,1,0,8.058010800802085,6.135564891081739,4.68213122712422,84.0,1.0,2,1
LP002872,1,1,0,1,0,8.034955024502159,7.701200180857446,4.912654885736052,360.0,0.0,1,0
LP002874,1,0,0,1,0,8.079927770758275,7.915713199382116,4.700480365792417,360.0,1.0,2,1
LP002877,1,1,1,1,0,7.485491608030754,7.711101251840158,4.672828834461906,360.0,1.0,0,1
LP002888,1,0,0,1,0,8.065265208897733,7.978653729082731,5.081404364984463,360.0,1.0,2,1
LP002892,1,1,2,1,0,8.785692444451245,0.0,5.3230099791384085,360.0,1.0,1,1
LP002893,1,0,0,1,0,7.515344571180436,10.429339710318741,4.499809670330265,360.0,1.0,2,0
LP002894,0,1,0,1,0,8.060224240440958,0.0,3.58351893845611,360.0,1.0,1,1
LP002898,1,1,1,1,0,7.539027055823995,0.0,4.110873864173311,360.0,1.0,0,0
LP002911,1,1,1,1,0,7.932721027481948,7.559038255443384,4.983606621708336,360.0,0.0,0,0
LP002912,1,1,1,1,0,8.36240897761537,8.006700845440367,5.147494476813453,84.0,1.0,0,0
LP002916,1,1,0,1,0,7.739359202689098,7.328437352895162,4.6443908991413725,360.0,1.0,2,1
LP002917,0,0,0,0,0,7.68017564043659,0.0,4.248495242049359,360.0,1.0,1,1
LP002925,0,0,0,1,0,8.465899897028686,0.0,4.543294782270004,360.0,1.0,1,1
LP002926,1,1,2,1,1,7.9105906122564775,0.0,4.663439094112067,360.0,0.0,1,0
LP002928,1,1,0,1,0,8.006367567650246,8.136518252115291,4.02535169073515,180.0,1.0,1,1
LP002931,1,1,2,1,1,8.699514748210191,0.0,5.3230099791384085,240.0,1.0,1,0
LP002933,1,0,3,1,1,9.143880005275912,0.0,5.676753802268282,360.0,1.0,1,1
LP002936,1,1,0,1,0,8.258163361537619,8.101980731853192,4.955827057601261,180.0,1.0,0,1
LP002938,1,1,0,1,1,9.68781601606062,0.0,5.560681631015528,360.0,1.0,2,1
LP002940,1,0,0,0,0,8.251403065380556,0.0,4.700480365792417,360.0,1.0,0,1
LP002941,1,1,2,0,1,8.761393485256058,6.90875477931522,5.231108616854587,360.0,1.0,0,0
LP002943,1,0,2,1,0,8.00202481821611,0.0,4.477336814478207,360.0,0.0,1,0
LP002945,1,1,0,1,1,9.206633510044856,0.0,5.19295685089021,360.0,1.0,0,1
LP002948,1,1,2,1,0,8.662158961666423,0.0,5.2574953720277815,360.0,1.0,2,1
LP002949,0,0,3,1,0,6.030685260261263,10.637488727104339,5.857933154483459,180.0,1.0,2,0
LP002950,1,1,0,0,0,7.970394907191429,7.934871565945176,5.043425116919247,360.0,1.0,0,1
LP002953,1,1,3,1,0,8.648747631156539,0.0,4.852030263919617,360.0,1.0,2,1
LP002958,1,0,0,1,0,8.209580483475577,8.366835309827675,5.147494476813453,360.0,1.0,0,1
LP002959,0,1,1,1,0,9.392661928770137,0.0,6.206575926724928,360.0,1.0,1,1
LP002960,1,1,0,0,0,7.783224016336037,8.24301946898925,4.852030263919617,180.0,1.0,2,0
LP002961,1,1,1,1,0,8.131530710604252,7.824445930877619,5.153291594497779,360.0,1.0,1,1
LP002964,1,1,2,0,0,8.290794347381356,7.252762418053187,5.056245805348308,360.0,1.0,0,1
LP002974,1,1,0,1,0,8.080856419640986,7.576097340623111,4.68213122712422,360.0,1.0,0,1
LP002978,0,0,0,1,0,7.9724660159745655,0.0,4.2626798770413155,360.0,1.0,0,1
LP002979,1,1,3,1,0,8.32020459757888,0.0,3.6888794541139363,180.0,1.0,0,1
LP002983,1,1,1,1,0,8.996156562033445,5.484796933490655,5.53338948872752,360.0,1.0,2,1
LP002984,1,1,2,1,0,8.933664178700935,0.0,5.231108616854587,360.0,1.0,2,1
LP002990,0,0,0,1,1,8.430109084509125,0.0,4.890349128221754,360.0,0.0,1,0
